MMS ID,Main title,Subject,Place of publication,Date 1,Language original,ie_folders
994581160101488,Bedevaart naar het Heilig Land,"UDC 910.4 <33> ""18"" Ontdekkingsreizen. Reizen. Expedities. Reisverhalen--<plaats>--Oud-Palestina. Judea--19e eeuw. Periode 1800-1899;UDC 248.153.8 <33> Bedevaarten. Pelgrimstochten--(algemeen)--Oud-Palestina. Judea;KUL #SJ/LH/WMAG;KADOC reisverhaal;KADOC bedevaarten;KADOC Heilig Land;GGSB Volksreligie (volksreligiositeit / devotie)",Gent,1886,fre,IE50773251
996796310101488,"Comment j'ai retrouvé Livingstone : voyages, aventures et découvertes dans le centre de l'Afrique /",KUL #SJ/LH/(6);UDC 910.4 <67> Ontdekkingsreizen. Reizen. Expedities. Reisverhalen--<plaats>--Equatoriaal en Centraal Afrikaanse Staten. Centraal-Afrika. Midden-Afrika;UDC 967 Geschiedenis van Centraal en Equatoriaal Afrika,Paris,1874,,IE53894290
999385040101488,"Offt begehrte Beschreibung der newen orientalischen Reyse ... Item ein Schreiben des woledeln Johan Albrecht von Mandelso, worinnen dessen Ostindianische Reise über den Oceanum enthalten...",UDC 910.4 <47> Ontdekkingsreizen. Reizen. Expedities. Reisverhalen--<plaats>--Rusland. Sovjet-Unie,Schleswig,1647,,IE33922035
9912261440101488,Naples et le Mont-Cassin.,UDC 910.4 <45> Ontdekkingsreizen. Reizen. Expedities. Reisverhalen--<plaats>--Italië,Anvers,1850,,IE43578017|IE43579451
9914069170101488,Dernier journal du docteur David Livingstone relatant ses explorations et découvertes de 1866 à 1873 suivi du Récit de ses derniers moments,UDC 910.4 <67> Ontdekkingsreizen. Reizen. Expedities. Reisverhalen--<plaats>--Equatoriaal en Centraal Afrikaanse Staten. Centraal-Afrika. Midden-Afrika;UDC 967 Geschiedenis van Centraal en Equatoriaal Afrika,Paris,1876,eng,IE53898100|IE53899805
9918119710101488,Voyage pittoresque de Constantinople et des rives du Bosphore:,"KUL #SJ/LH/(09);UDC 910.4 <560 CONSTANTINOPEL> Ontdekkingsreizen. Reizen. Expedities. Reisverhalen--<plaats>--Turkije--CONSTANTINOPEL;STCV Aardrijkskunde, cartografie, demografie--Oude drukken",Bruxelles,1829,,IE54404766
9918187690101488,Explorations dans l'Afrique australe et dans le bassin du Zambèse depuis 1840 jusqu'à 1864,UDC 910.4 <67> Ontdekkingsreizen. Reizen. Expedities. Reisverhalen--<plaats>--Equatoriaal en Centraal Afrikaanse Staten. Centraal-Afrika. Midden-Afrika,Paris,1876,,IE48167111
9918681730101488,"Reize door Duitschland en Zwitserland, sedert 1781",KUL #SJ/LH/(09);UDC 910.4 <43> Ontdekkingsreizen. Reizen. Expedities. Reisverhalen--<plaats>--Duitsland voor 1945 en na 1989;UDC 910.4 <44> Ontdekkingsreizen. Reizen. Expedities. Reisverhalen--<plaats>--Frankrijk,Amsterdam,1790,,IE53601843|IE53603445|IE53604062|IE53604895|IE53605608|IE53605653|IE53607314|IE53742673
9918832330101488,"Journal d'un voyage à Temboctou et à Jenné, dans l'Afrique centrale, précédé d'observations faites chez les Maures Braknas, les Naouls et d'autres peuples ; pendant les années 1824, 1825, 1826, 1827, 1828",KUL #SJ/LH/(09);KUL #SJ/LH/(6);UDC 910.4 <6> Ontdekkingsreizen. Reizen. Expedities. Reisverhalen--<plaats>--Afrika,Bruxelles,1830,,IE53648145|IE60661823
9918852890101488,Mon voyage au Continent Noir,UDC 910.4 <6> Ontdekkingsreizen. Reizen. Expedities. Reisverhalen--<plaats>--Afrika,Paris,1891,,IE53859875
9918853480101488,Choses d'Afrique,UDC 910.4 <6> Ontdekkingsreizen. Reizen. Expedities. Reisverhalen--<plaats>--Afrika,Paris,1892,,IE53868157
9918879320101488,"Voyages dans les états barbaresques de Maroc, Alger, Tunis et Tripoly ; ou lettres d'un des captifs qui viennent d'être rachetés par Mm. les Chanoines réguliers de la Sainte-Tinité ; suivies d'une notice sur leurs rachat, et du catalogue de leurs nom.",KUL #SJ/LH/(6);UDC 910.4 <61> Ontdekkingsreizen. Reizen. Expedities. Reisverhalen--<plaats>--Noord-Afrikaanse Staten. Maghreb. Noord-Afrika,Paris,1785,,IE53467817
9918970010101488,Trente-deux ans à travers l'Islam. (1832-1864.),UDC 910.4 <6> Ontdekkingsreizen. Reizen. Expedities. Reisverhalen--<plaats>--Afrika,Paris,1884,,IE48187439|IE48189544
9919007230101488,"Voyaige d'Oultremer en Jhérusalem par le seigneur de Caumont l'an M CCCC XVIII, publié pour la première fois d'après le manuscrit du Musée britannique","UDC 091 <41 LONDON> Handschriftenkunde. Handschriftencatalogi--Verenigd Koninkrijk van Groot-Brittannië en Noord-Ierland--LONDON;UDC 910.4 <33> ""13/15"" Ontdekkingsreizen. Reizen. Expedities. Reisverhalen--<plaats>--Oud-Palestina. Judea--?""13/15""",Paris,1858,,IE22337205
9919010040101488,Towards Khartoum,UDC 910.4 <624> Ontdekkingsreizen. Reizen. Expedities. Reisverhalen--<plaats>--Soedan,London,1897,,IE48185854
9919017000101488,Une mission en Abyssinie et dans la Mer Rouge,UDC 963 Geschiedenis van Ethiopië (Abessynië);UDC 910.4 <63> Ontdekkingsreizen. Reizen. Expedities. Reisverhalen--<plaats>--Ethiopië,Paris,1884,,IE48178624
9919044180101488,Voyage dans le Soudan occidental,UDC 910.4 <624> Ontdekkingsreizen. Reizen. Expedities. Reisverhalen--<plaats>--Soedan,Paris,1877,,IE48200271
9919151310101488,Les échelles du Levant.,UDC 910.4 <5-011> Ontdekkingsreizen. Reizen. Expedities. Reisverhalen--<plaats>--Nabije-Oosten. Midden-Oosten,Paris,1864,,IE26195678
9919205870101488,Mes trente-cinq années de mission dans la haute Éthiopie,UDC 266.2*88 <63> Missieverhalen--Ethiopië;UDC 910.4 <63> Ontdekkingsreizen. Reizen. Expedities. Reisverhalen--<plaats>--Ethiopië;KUL #SJ/LH/(6),Lille,1887,,IE39165861
9919207860101488,"L'Afrique équatoriale : Gabonais, Pahouins, Gallois",UDC 911.3 <672> Sociale geografie. Culturele geografie--Frans Equatoriaal Afrika;UDC 908 <672> Heemkunde. Area studies--Frans Equatoriaal Afrika;UDC 910.4 <672> Ontdekkingsreizen. Reizen. Expedities. Reisverhalen--<plaats>--Frans Equatoriaal Afrika,Paris,1878,,IE48201816
9919207990101488,L'Afrique équatoriale,KUL #SJ/LH/(6);UDC 911.3 <672> Sociale geografie. Culturele geografie--Frans Equatoriaal Afrika;UDC 908 <672> Heemkunde. Area studies--Frans Equatoriaal Afrika;UDC 910.4 <672> Ontdekkingsreizen. Reizen. Expedities. Reisverhalen--<plaats>--Frans Equatoriaal Afrika,Paris,1876,,IE53402957
9919257150101488,The personal life of David Livingstone ...,UDC 967 Geschiedenis van Centraal en Equatoriaal Afrika;UDC 910.4 <67> Ontdekkingsreizen. Reizen. Expedities. Reisverhalen--<plaats>--Equatoriaal en Centraal Afrikaanse Staten. Centraal-Afrika. Midden-Afrika,London,1880,,IE53901526
9919258130101488,Vie et voyages du docteur David Livingstone,"UDC 929 LIVINGSTONE, DAVID Biografie. Genealogie. Heraldiek--LIVINGSTONE, DAVID;UDC 910.4 <67> Ontdekkingsreizen. Reizen. Expedities. Reisverhalen--<plaats>--Equatoriaal en Centraal Afrikaanse Staten. Centraal-Afrika. Midden-Afrika;UDC 967 Geschiedenis van Centraal en Equatoriaal Afrika",Paris,1882,,IE53911629
9919350240101488,Comment j'ai traversé l'Afrique,UDC 910.4 <67> Ontdekkingsreizen. Reizen. Expedities. Reisverhalen--<plaats>--Equatoriaal en Centraal Afrikaanse Staten. Centraal-Afrika. Midden-Afrika,Paris,1881,por,IE53907483|IE53909548
9919358180101488,"Voyages de F. Le Vaillant, dans l'intérieur de l'Afrique, par le Cap de Bonne-Espérance.",KUL #SJ/LH/(09);UDC 910.4 <6> Ontdekkingsreizen. Reizen. Expedities. Reisverhalen--<plaats>--Afrika,Bruxelles;Bruxelles,1840,,IE53578711|IE53579384|IE53580770|IE53581435|IE53582116|IE53582797|IE53583478|IE53584159
9919471630101488,Stanley l'Africain,UDC 967 Geschiedenis van Centraal en Equatoriaal Afrika;UDC 910.4 <67> Ontdekkingsreizen. Reizen. Expedities. Reisverhalen--<plaats>--Equatoriaal en Centraal Afrikaanse Staten. Centraal-Afrika. Midden-Afrika,Liège,1891,,IE53896811
9919471700101488,Stanley l'Africain,"UDC 929 STANLEY, HENRY MORTON Biografie. Genealogie. Heraldiek--STANLEY, HENRY MORTON;UDC 910.4 <67> Ontdekkingsreizen. Reizen. Expedities. Reisverhalen--<plaats>--Equatoriaal en Centraal Afrikaanse Staten. Centraal-Afrika. Midden-Afrika",Paris,1895,,IE53861508
9919472930101488,"Through the dark continent; or The sources of the Nile, around the great lakes of equatorial Africa, and down the Livingstone river to the Atlantic ocean.",UDC 910.4 <67> Ontdekkingsreizen. Reizen. Expedities. Reisverhalen--<plaats>--Equatoriaal en Centraal Afrikaanse Staten. Centraal-Afrika. Midden-Afrika,Hamburg,1878,,IE53912886|IE53915952|IE53917425|IE53918978
9919473050101488,Through the dark continent or The sources of the Nile around the great lakes of equatorial Africa and down the Livingstone river to the Atlantic ocean,UDC 910.4 <67> Ontdekkingsreizen. Reizen. Expedities. Reisverhalen--<plaats>--Equatoriaal en Centraal Afrikaanse Staten. Centraal-Afrika. Midden-Afrika;UDC 967 Geschiedenis van Centraal en Equatoriaal Afrika,London,1879,,IE53933916|IE53937302
9920144340101488,"Voyage en Allemagne, en Pologne, en Moldavie et en Turquie",KUL #SJ/LH/(09);UDC 910.4 <438> Ontdekkingsreizen. Reizen. Expedities. Reisverhalen--<plaats>--Polen;UDC 910.4 <43> Ontdekkingsreizen. Reizen. Expedities. Reisverhalen--<plaats>--Duitsland voor 1945 en na 1989;UDC 910.4 <478.9> Ontdekkingsreizen. Reizen. Expedities. Reisverhalen--<plaats>--Moldavië;UDC 910.4 <560> Ontdekkingsreizen. Reizen. Expedities. Reisverhalen--<plaats>--Turkije,Paris,1818,,IE53677186|IE53677190
9920144920101488,Voyage en Italie,UDC 910.4 <45> Ontdekkingsreizen. Reizen. Expedities. Reisverhalen--<plaats>--Italië;BPB PreciosA20B PreciosA20B BPB,Paris,1866,,IE38248213|IE38250414
9920144950101488,"Voyage en Egypte et en Syrie, pendant les années 1783, 1784 et 1785, suivi de Considérations sur la guerre des Russes et des Turks, publiés en 1788 et 1789.",KUL #SJ/LH/(09);UDC 910.4 <569.1> Ontdekkingsreizen. Reizen. Expedities. Reisverhalen--<plaats>--Syrië;UDC 910.4 <620> Ontdekkingsreizen. Reizen. Expedities. Reisverhalen--<plaats>--Egypte,Paris,1825,,IE53645570|IE53647387
9920862530101488,"Chroniques, lettres et journal de voyage, extraits des papiers d'un défunt.",KUL #SJ/LH/(09);UDC 910.4 <5> Ontdekkingsreizen. Reizen. Expedities. Reisverhalen--<plaats>--Azië,Paris,1837,,IE53659597|IE53661094|IE53662587
9920935590101488,Itinéraire descriptif de l'Espagne,KUL #SJ/LH/(09);UDC 910.4 <460> Ontdekkingsreizen. Reizen. Expedities. Reisverhalen--<plaats>--Spanje,Paris,1834,,IE53584968|IE53586982|IE53593469|IE53595390|IE53597537|IE53599754
9920981380101488,"Voyage en Italie et en Sicile, faite en MDCCCI et MDCCCII",KUL #SJ/LH/(09);UDC 910.4 <45> Ontdekkingsreizen. Reizen. Expedities. Reisverhalen--<plaats>--Italië,Paris,1806,,IE53628913
9921093550101488,"Voyages de John Moore en France, en Suisse et en Allemagne",KUL #SJ/LH/(09);UDC 910.4 <430> Ontdekkingsreizen. Reizen. Expedities. Reisverhalen--<plaats>--?<430>;UDC 910.4 <44> Ontdekkingsreizen. Reizen. Expedities. Reisverhalen--<plaats>--Frankrijk;UDC 910.4 <494> Ontdekkingsreizen. Reizen. Expedities. Reisverhalen--<plaats>--Zwitserland,Genève,1819,eng,IE53679548|IE53680837
9921488520101488,"Voyages dans l'Asie méridionale,",KUL #SJ/LH/(09);UDC 910.4 <5> Ontdekkingsreizen. Reizen. Expedities. Reisverhalen--<plaats>--Azië,Tours,1841,,IE53697072
9921869700101488,Voyage au mont Caucase et en Georgie,"STCV Aardrijkskunde, cartografie, demografie--Oude Drukken;UDC 910.4 <479.22> Ontdekkingsreizen. Reizen. Expedities. Reisverhalen--<plaats>--Sovjetrepubliek Georgië",Paris;Paris,1823,,IE41902797|IE41904958
9922167850101488,"Voyage sur la côté orientale de la mer Rouge, dans le pays d'Abel et le Royaume de Choa",KUL #SJ/LH/(09);UDC 910.4 <63> Ontdekkingsreizen. Reizen. Expedities. Reisverhalen--<plaats>--Ethiopië,Paris,1841,,IE53705576
9923397520101488,Voyages dans l'Asie méridionale,KUL #SJ/LH/(09);UDC 910.4 <5> Ontdekkingsreizen. Reizen. Expedities. Reisverhalen--<plaats>--Azië,Tours,1840,,IE53653999
9923421530101488,Der Geist des Orients erläutert in einem Tagebuche über Reisen durch Rumili während einer ereignissreichen Zeit,KUL #SJ/LH/(09);UDC 910.4 <5> Ontdekkingsreizen. Reizen. Expedities. Reisverhalen--<plaats>--Azië,Stuttgart,1839,eng,IE53664132|IE53665493
9924646690101488,Journal d'un voyage en France et lettres écrites d'Italie,KADOC C3 Kunst en cultuur;UDC 910.4 <44> Ontdekkingsreizen. Reizen. Expedities. Reisverhalen--<plaats>--Frankrijk;UDC 910.4 <45> Ontdekkingsreizen. Reizen. Expedities. Reisverhalen--<plaats>--Italië,Paris,1857,,IE43768714
9924898590101488,"Histoire des decouvertes et conquestes des Portugais dans le nouveau monde,",KUL #GBIB: jesuitica;UDC 910.4 <469> Ontdekkingsreizen. Reizen. Expedities. Reisverhalen--<plaats>--Portugal;UDC 946.9 Geschiedenis van Portugal,Paris,1734,,IE49482170|IE49486724|IE49488637|IE49491975
9928448970101488,Voyage en Égypte et en Nubie,UDC 910.4 <620> Ontdekkingsreizen. Reizen. Expedities. Reisverhalen--<plaats>--Egypte,Bruxelles,1846,,IE53874119|IE53874800
9932259230101488,"Dagboek gehouden door den Missionaris, Pater M. Poell op zijne reis over Frankrijk, Italië, Egypte en het H. Land naar China. (uitgegeven ten voordeele der missie).",UDC 271.3-9 Franciskaanse missies;UDC 910.4 <51> Ontdekkingsreizen. Reizen. Expedities. Reisverhalen--<plaats>--China,'s-Hertogenbosch,1875,,IE39146388
9932596530101488,"Aanmerkelijke en Geheugenis-waardige scheeps-togt, van Eduard Lopez, Portugeez, Gedaan na 't vermaarde Koningrijk Congo in Africa, Anno 1578. Bevattende een Curieuse Beschrijving van 't selve, nevens de Landen van Angola, Loango, Batta, en meer andere. ...","UDC 910.4 ""15"" Ontdekkingsreizen. Reizen. Expedities--""tijd""--16e eeuw. Periode 1500-1599;UDC 910.4 <67> Ontdekkingsreizen. Reizen. Expedities. Reisverhalen--<plaats>--Equatoriaal en Centraal Afrikaanse Staten. Centraal-Afrika. Midden-Afrika",Te Leyden,1706,por,IE49506165
9939467910101488,Storia delle relazioni vicendevoli dell'Europa e dell'Asia dalla decadenza di Roma fino alla distruzione del califfato,UDC 910.4 <5> Ontdekkingsreizen. Reizen. Expedities. Reisverhalen--<plaats>--Azië,Firenze,1827,,IE41447475|IE41449428
9975004510101488,"A travers l'hémisphère sud ou Mon second voyage autour du monde (Portugal, Sénégal, Brésil, Uruguay, République Argentine, Chili, Pérou.)","UDC 910.4 ""18"" Ontdekkingsreizen. Reizen. Expedities--""tijd""--19e eeuw. Periode 1800-1899",Paris,1887,,IE53875449
9988121580101488,Journal d'un voyage en France et lettres écrites d'Italie,UDC 910.4 <44> Ontdekkingsreizen. Reizen. Expedities. Reisverhalen--<plaats>--Frankrijk;UDC 910.4 <45> Ontdekkingsreizen. Reizen. Expedities. Reisverhalen--<plaats>--Italië,Paris,1857,eng,IE53062628
9992147492701488,Le voyage et la description d'Italie.,UDC 910.4 <45> Ontdekkingsreizen. Reizen. Expedities. Reisverhalen--<plaats>--Italië,"A Troyes;se vendent, a Paris",1656,,IE47210637
9992150502601488,"Voyage en France, en Italie, et aux isles de l'archipel.",UDC 910.4 <44> Ontdekkingsreizen. Reizen. Expedities. Reisverhalen--<plaats>--Frankrijk;UDC 910.4 <45> Ontdekkingsreizen. Reizen. Expedities. Reisverhalen--<plaats>--Italië,A Paris,1766,eng,IE43758861|IE43764143|IE43765560|IE43767121
9992262998501488,Italie van de Alpen tot de Etna,UDC 910.4 <45> Ontdekkingsreizen. Reizen. Expedities. Reisverhalen--<plaats>--Italië,Leiden,1879,,IE37239296
9992420607801488,Peregrinatio in terram sanctam,UDC 910.4 <33> Reisverhalen: Palestina; Heilig Land,Ciuem Spirensem,1490,,IE12626468
9992687108001488,Le saint voiage et pelerinage de la cite saincte de Hierusalem,UDC 910.4 <33> Reisverhalen: Palestina; Heilig Land,[Lyon],1489,,IE17712377
992850200101488,Les splendeurs de la Terre Sainte,"UDC 910.4 <33> ""18"" Ontdekkingsreizen. Reizen. Expedities. Reisverhalen--<plaats>--Oud-Palestina. Judea--19e eeuw. Periode 1800-1899",Paris,1889,,IE57068471
992860050101488,Pèlerinage en Terre-Sainte,"UDC 910.4 <33> ""18"" Ontdekkingsreizen. Reizen. Expedities. Reisverhalen--<plaats>--Oud-Palestina. Judea--19e eeuw. Periode 1800-1899;KUL #gsdb1;KADOC C1 Kerken en religie;KADOC bedevaarten;KADOC reisverhaal",Liège,1886,,IE57058267
993856430101488,"Souvenirs d'un voyage dans la Tartarie, le Thibet et la Chine pendant les années 1844, 1845 et 1846","KUL #SML: Sparrendaal;UDC 910.4 <515> Ontdekkingsreizen. Reizen. Expedities. Reisverhalen--<plaats>--Tibet;UDC 910.4 <5> Ontdekkingsreizen. Reizen. Expedities. Reisverhalen--<plaats>--Azië;SIN S03/0500 China: Geography, description and travel--Description, travels and tourism: 1840 -1911;SIN S22/0300 North-eastern provinces (Manchuria)--Geography, description and travel;SIN S23/0300 Mongolia and the Mongols (including Tannu Tuva, Buriats)--Geography, description and travel;SIN S24/0300 Tibet--Geography, description and travel;SIN S25/0300 Xinjiang--Geography, description and travel",Tournai,1850,,IE55362477
996933110101488,Les saints lieux,"UDC 910.4 <33> ""18"" Ontdekkingsreizen. Reizen. Expedities. Reisverhalen--<plaats>--Oud-Palestina. Judea--19e eeuw. Periode 1800-1899",Bruxelles,1852,,IE58495837|IE58497262|IE58498679
998031110101488,Voyage autour de la mer Morte et dans les terres bibliques exécuté de décembre 1850 à avril 1851,"UDC 910.4 <33> ""18"" Ontdekkingsreizen. Reizen. Expedities. Reisverhalen--<plaats>--Oud-Palestina. Judea--19e eeuw. Periode 1800-1899",Paris,1853,,IE56380338|IE56382277
998911280101488,Trois ans dans l'Afrique australe,"KUL #GBIB: jesuitica;KADOC brievenliteratuur;KADOC missionarissen;KADOC evangelisatie;KADOC reisverhaal;KADOC missiegebied;KADOC Jezuïeten - Belgische provincie (1814-1935);UDC 910.4 <689.4> Ontdekkingsreizen. Reizen. Expedities. Reisverhalen--<plaats>--Zambia. Noord-Rhodesië;UDC 916 Geography of Africa;KADOC Zambia [land in werelddeel Afrika];KADOC Depelchin, Henri;KADOC Croonenberghs, Charles;KADOC Zuid-Oost Afrika (x)",Bruxelles,1883,,IE54983351
9914991460101488,"Introduction au plan de Jérusalem et de ses faubourgs, telle que cette ville célèbre existait du temps de Jésus-Christ, d'après les auteurs sacrés et profanes; ...",KUL #GOSA:I.OT-NT.W;KUL #gsdb1;UDC 913.3 JERUSALEM Aardrijkskunde van Palestina--JERUSALEM;UDC 910.4 Ontdekkingsreizen. Reizen. Expedities. Reisverhalen,Bruxelles,1873,,IE55095571
9918144010101488,Guide-indicateur des sanctuaires et lieux historiques de la Terre-sainte,"UDC 915.694 JERUSALEM Aardrijkskunde van Israël--JERUSALEM;UDC 910.4 <33> ""18"" Ontdekkingsreizen. Reizen. Expedities. Reisverhalen--<plaats>--Oud-Palestina. Judea--19e eeuw. Periode 1800-1899",Louvain,1876,,IE55139638|IE55139820
9918675490101488,"The young pilgrim, or Alfred Campbell's Return to the East: and his travels in Egypt, Nubia, Asia Minor, Arabia, Petrea, &c.",UDC 910.4 <5-011> Ontdekkingsreizen. Reizen. Expedities. Reisverhalen--<plaats>--Nabije-Oosten. Midden-Oosten,London,1841,,IE55352566
9919565740101488,From Benguella to the territory of Yacca. Description of a Journey into Central and West Africa. ...,UDC 910.4 <673> Ontdekkingsreizen. Reizen. Expedities. Reisverhalen--<plaats>--Angola;UDC 910.4 <66> Ontdekkingsreizen. Reizen. Expedities. Reisverhalen--<plaats>--Westafrikaanse Staten en Gebieden. West-Afrika,London,1882,,IE54977477|IE54979117
9919666810101488,Blikken op Indië.,KADOC C3 Kunst en cultuur;KADOC geschiedenis;KADOC India [land in werelddeel Azië];UDC 908 <540> Heemkunde. Area studies--India;UDC 910.4 <540> Ontdekkingsreizen. Reizen. Expedities. Reisverhalen--<plaats>--India;UDC 915.40 Aardrijkskunde van Indië;UDC 954 Geschiedenis van India en Pakistan,Rotterdam,1870,san,IE55358114
9920139480101488,Voyages en Asie.,UDC 910.4 <5> Ontdekkingsreizen. Reizen. Expedities. Reisverhalen--<plaats>--Azië,Paris,1847,,IE55347515
9920139550101488,Voyages en Europe.,UDC 910.4 <4> Ontdekkingsreizen. Reizen. Expedities. Reisverhalen--<plaats>--Europa,Paris,1847,,IE55350893
9920144500101488,Voyage à Constantinople et en Égypte,UDC 910.4 <560> Ontdekkingsreizen. Reizen. Expedities. Reisverhalen--<plaats>--Turkije;UDC 910.4 <620> Ontdekkingsreizen. Reizen. Expedities. Reisverhalen--<plaats>--Egypte,Paris,1852,,IE55333838
9920936710101488,"Reizen uit Oost-Indië naar Europa; in Engeland, Nederland, Duitschland, Frankrijk en Zwitserland, gedaan in 1836.",UDC 910.4 <4-15> Ontdekkingsreizen. Reizen. Expedities. Reisverhalen--<plaats>--West-Europa,'s-Gravenhage,1840,,IE57272295
9921572680101488,"Voyages et aventures en Perse dans l'Afghanistan, le Beloutchistan et le Turkestan",UDC 910.4 <355> Ontdekkingsreizen. Reizen. Expedities. Reisverhalen--<plaats>--Perzië. Persepolis;UDC 910.4 <55> Ontdekkingsreizen. Reizen. Expedities. Reisverhalen--<plaats>--Iran;UDC 910.4 <581> Ontdekkingsreizen. Reizen. Expedities. Reisverhalen--<plaats>--Afganistan,Paris,1870,eng,IE55358798
9932590900101488,"Il Moro trasportato nell'inclita città di Venetia, overo Curioso racconto de Costumi, Riti, e Religione de Popoli dell'Africa, America, Asia, é Europa.","UDC 266 <09> Missiegeschiedenis--(algemeen);UDC 271.36-9 Kapucijnen: missies;UDC 910.4 ""16"" Ontdekkingsreizen. Reizen. Expedities--""tijd""--17e eeuw. Periode 1600-1699",Bassano,1687,,IE56821118
9992239864701488,"Souvenirs de voyage,",UDC 910.4 <44> Ontdekkingsreizen. Reizen. Expedities. Reisverhalen--<plaats>--Frankrijk,Bruxelles,1839,,IE57813097|IE57814434
992859850101488,Mon pélerinage aux Lieux-saints,"UDC 910.4 <33> ""18"" Ontdekkingsreizen. Reizen. Expedities. Reisverhalen--<plaats>--Oud-Palestina. Judea--19e eeuw. Periode 1800-1899",Langres,1874,,IE63430949|IE63433052|IE63436534
992859890101488,Guide-indicateur des sanctuaires et lieux historiques de la Terre-sainte.,KADOC bedevaarten;KADOC C1 Kerken en religie;KADOC christendom;KADOC Heilig Land;UDC 910.4 <33> Reisverhalen: Palestina; Heilig Land,Jérusalem,1869,,IE63416297
992859900101488,Guide-indicateur des sanctuaires et lieux historiques de la Terre-sainte,KADOC Heilig Land;KADOC Israël [land in werelddeel Azië];UDC 910.4 <33> Reisverhalen: Palestina; Heilig Land,Louvain,1876,,IE63410857|IE63411730|IE63413427
992860010101488,The last journals of bishop Hannington,"UDC 910.4 <33> ""18"" Ontdekkingsreizen. Reizen. Expedities. Reisverhalen--<plaats>--Oud-Palestina. Judea--19e eeuw. Periode 1800-1899",London,1888,,IE63542111
992860040101488,La Galilée,"UDC 910.4 <33> ""18"" Ontdekkingsreizen. Reizen. Expedities. Reisverhalen--<plaats>--Oud-Palestina. Judea--19e eeuw. Periode 1800-1899",Paris,1896,,IE63342622
992860070101488,Orient et Italie,UDC 910.4 <45> Ontdekkingsreizen. Reizen. Expedities. Reisverhalen--<plaats>--Italië,Paris,1868,,IE63346942
992860110101488,"The land and the Book; or, biblical illustrations drawn from the manners and customs, the scenes and scenery, of the Holy Land. Lebanon, Damascus and beyond Jordan","UDC 910.4 <33> ""18"" Ontdekkingsreizen. Reizen. Expedities. Reisverhalen--<plaats>--Oud-Palestina. Judea--19e eeuw. Periode 1800-1899",London,1886,,IE63547717
992860170101488,"The land and the Book; or Biblical illustrations drawn from the manners and customs, the scenes and scenery of the Holy Land. Southern Palestine and Jerusalem","UDC 910.4 <33> ""18"" Ontdekkingsreizen. Reizen. Expedities. Reisverhalen--<plaats>--Oud-Palestina. Judea--19e eeuw. Periode 1800-1899",London,1881,,IE63532297
992860670101488,Pèlerinage en Terre Sainte,"UDC 910.4 <33> ""18"" Ontdekkingsreizen. Reizen. Expedities. Reisverhalen--<plaats>--Oud-Palestina. Judea--19e eeuw. Periode 1800-1899",Paris,1855,,IE63424147
992860690101488,"The land and the Book; or, biblical illustrations drawn from the manners and customs, the scenes and scenery, of the Holy Land. Central Palestine and Phoenicia","UDC 910.4 <33> ""18"" Ontdekkingsreizen. Reizen. Expedities. Reisverhalen--<plaats>--Oud-Palestina. Judea--19e eeuw. Periode 1800-1899",London,1883,,IE63529066
992860720101488,Les saints lieux pèlerinage à Jérusalem,"UDC 910.4 <33> ""18"" Ontdekkingsreizen. Reizen. Expedities. Reisverhalen--<plaats>--Oud-Palestina. Judea--19e eeuw. Periode 1800-1899",Paris,1876,,IE63449098|IE63451937|IE63455397
992860740101488,Voyages en Orient,"UDC 910.4 <33> ""18"" Ontdekkingsreizen. Reizen. Expedities. Reisverhalen--<plaats>--Oud-Palestina. Judea--19e eeuw. Periode 1800-1899",Paris,1880,,IE63428826
992860750101488,Souvenirs de mon pèlerinage en Terre-sainte {dollar}b caravane de 1878,"UDC 910.4 <33> ""18"" Ontdekkingsreizen. Reizen. Expedities. Reisverhalen--<plaats>--Oud-Palestina. Judea--19e eeuw. Periode 1800-1899",Rennes,1879,,IE63424317
993856090101488,Een reisje naar Rome en andere voorname steden van Italië in 1870,UDC 910.4 <45 ROMA> Ontdekkingsreizen. Reizen. Expedities. Reisverhalen--<plaats>--Italië--ROMA,Brussel,1871,,IE63568377
994682630101488,"La guida de forestieri Curiosi di vedere, e di riconoscere le cose più memorabili di Pozzoli ...",UDC 910.4 <45> Ontdekkingsreizen. Reizen. Expedities. Reisverhalen--<plaats>--Italië,Napoli,1709,,IE63463877
996312580101488,"La Palestine, la Syria et l'Arabie, visitées avec Mgr. Valerga, patriarche de Jérusalem, vicaire apostolique d'Alep, et délégat apostolique de Syrie","UDC 910.4 <33> ""18"" Ontdekkingsreizen. Reizen. Expedities. Reisverhalen--<plaats>--Oud-Palestina. Judea--19e eeuw. Periode 1800-1899;KUL #SJ/LH/WMAG;KUL #BIBC:conversie A:2003.4",Paris,1886,,IE63572077|IE63573638
996565280101488,Les récits du pélérin ou voyage en Terre Sainte et dans le Liban,"UDC 910.4 <33> ""18"" Ontdekkingsreizen. Reizen. Expedities. Reisverhalen--<plaats>--Oud-Palestina. Judea--19e eeuw. Periode 1800-1899",Tournai,1865,,IE63434957|IE63443315
996985330101488,Tent work in Palestine. A record of discovery and adventure,"UDC 910.4 <33> ""18"" Ontdekkingsreizen. Reizen. Expedities. Reisverhalen--<plaats>--Oud-Palestina. Judea--19e eeuw. Periode 1800-1899",London,1885,,IE63426094
997203890101488,"Excursion en Syrie, en Palestine et en Egypte","UDC 910.4 <33> ""18"" Ontdekkingsreizen. Reizen. Expedities. Reisverhalen--<plaats>--Oud-Palestina. Judea--19e eeuw. Periode 1800-1899",Tours,1874,,IE63408657
997451720101488,"Excursions en Afrique, d'après les récits des missionnaires",KUL #SJ/LH/(6);UDC 266 <09> <093> Missiegeschiedenis--(algemeen)--Historische bronnen;UDC 266 <6> Missies. Evangelisatie. Zending--Afrika;UDC 910.4 <6> Ontdekkingsreizen. Reizen. Expedities. Reisverhalen--<plaats>--Afrika,Tournai,1879,,IE63370237
997515370101488,"Itinéraires de la Terre Sainte des XIIIe, XIVe, XVe, XVIe et XVIIe siècle","UDC 910.4 <33> ""10/14"" Ontdekkingsreizen. Reizen. Expedities. Reisverhalen--<plaats>--Oud-Palestina. Judea--?""10/14""",Bruxelles,1847,,IE63354958
997972720101488,"Biblical researches in Palestine, mount Sinaï and Arabia Petræa.","UDC 910.4 <33> ""18"" Ontdekkingsreizen. Reizen. Expedities. Reisverhalen--<plaats>--Oud-Palestina. Judea--19e eeuw. Periode 1800-1899",Boston,1841,,IE63465537
998076370101488,"Reisen durch Syrien, Palästina, Phönicien, die Transjordan-Länder, Arabia Petraea und Unter-Aegypten","UDC 910.4 <33> ""18"" Ontdekkingsreizen. Reizen. Expedities. Reisverhalen--<plaats>--Oud-Palestina. Judea--19e eeuw. Periode 1800-1899",Berlin,1854,,IE63457644|IE63460617
998084070101488,Gli illustri viaggiatori italiani,UDC 910.4 <45> Ontdekkingsreizen. Reizen. Expedities. Reisverhalen--<plaats>--Italië;UDC 094:910.4 Oude en merkwaardige drukken. Kostbare en zeldzame boeken. Preciosa en rariora-:-Ontdekkingsreizen. Reizen. Expedities. Reisverhalen,Roma,1885,,IE63497134
998173410101488,Bethléem,"UDC 910.4 <33> ""18"" Ontdekkingsreizen. Reizen. Expedities. Reisverhalen--<plaats>--Oud-Palestina. Judea--19e eeuw. Periode 1800-1899;KADOC C1 Kerken en religie;KADOC Jezuïeten - Belgische provincie (1814-1935);KADOC reizen",Tournai,1858,,IE63489411
998214700101488,Tierra de promision y el monte Carmelo ó sea guia ilustrada del viajero por los santos lugares de Palestina,"UDC 910.4 <33> ""18"" Ontdekkingsreizen. Reizen. Expedities. Reisverhalen--<plaats>--Oud-Palestina. Judea--19e eeuw. Periode 1800-1899",Tarragona,1867,,IE63526657
998217890101488,"Die Deutschen im Heiligen Lande : chronologische Verzeichniss derjenigen Deutschen, welche als Jerusalempilger und Kreuzfahrer sicher nachzuweisen oder wahrscheinlich anzusehen sind (c. 650-1291)","UDC 910.4 <33> ""10/14"" Ontdekkingsreizen. Reizen. Expedities. Reisverhalen--<plaats>--Oud-Palestina. Judea--?""10/14""",Innsbrück,1894,,IE63446857
998227350101488,"Bible places; or, the topography of the Holy Land",UDC 910.4 <33> Reisverhalen: Palestina; Heilig Land,London,1875,,IE63540558
998252430101488,Palästina oder historisch-geographische Beschreibung des jüdischen Landes zur zeil Jesu,"UDC 910.4 <33> ""16"" Ontdekkingsreizen. Reizen. Expedities. Reisverhalen--<plaats>--Oud-Palestina. Judea--17e eeuw. Periode 1600-1699",Reutlingen,1832,,IE63419202
998256950101488,La Palestine,"UDC 910.4 <33> ""18"" Ontdekkingsreizen. Reizen. Expedities. Reisverhalen--<plaats>--Oud-Palestina. Judea--19e eeuw. Periode 1800-1899",Paris,1883,,IE63535787
998279620101488,Viaggi in Terra santa di Lionardo Frescobaldi e d'altri del secolo XIV.,"UDC 910.4 <33> ""10/14"" Ontdekkingsreizen. Reizen. Expedities. Reisverhalen--<plaats>--Oud-Palestina. Judea--?""10/14""",Firenze,1862,,IE63550934
9910946660101488,"A pilgrimage to the holy land; comprising recollections, sketches and reflections, made during a tour in the East in 1832-1833","UDC 910.4 <33> ""18"" Ontdekkingsreizen. Reizen. Expedities. Reisverhalen--<plaats>--Oud-Palestina. Judea--19e eeuw. Periode 1800-1899",London,1837,,IE63543337
9911559500101488,"La Terre-Sainte et les lieux illustrés par les apôtres. Vues pittoresques d'après Turner, Harding et autres célèbres artistes. ... Histoire, description, moeurs actuelles.",UDC 910.4 <33> Reisverhalen: Palestina; Heilig Land,Paris,1847,,IE63522242
9911830350101488,Die Deutsche Pilgerfahrt zum Heiligen Lande im Frühjahr 1893,"UDC 910.4 <33> ""18"" Ontdekkingsreizen. Reizen. Expedities. Reisverhalen--<plaats>--Oud-Palestina. Judea--19e eeuw. Periode 1800-1899",Aachen,1893,,IE63546677
9912695780101488,"La morale en action des noirs ou exemples de vertus et beaux traits de fidélité, de courage, de générosité et de bienfaisance donnés par des noirs ; recueillis dans les voyages de missionnaires et les voyageurs anciens et modernes [...]",KUL #SJ/LH/(6);UDC 392 <6> Zeden en gebruiken in het particuliere leven--Afrika;UDC 910.4 <6> Ontdekkingsreizen. Reizen. Expedities. Reisverhalen--<plaats>--Afrika,Bruxelles,1844,,IE63567577
9913416190101488,Voyage en Orient,"UDC 910.4 <33> ""18"" Ontdekkingsreizen. Reizen. Expedities. Reisverhalen--<plaats>--Oud-Palestina. Judea--19e eeuw. Periode 1800-1899",Limoges,1842,,IE63520937
9914114100101488,Pèlerinage à Rome en 1869 ou notes sur l'Italie,"UDC 910.4 <33> ""18"" Ontdekkingsreizen. Reizen. Expedities. Reisverhalen--<plaats>--Oud-Palestina. Judea--19e eeuw. Periode 1800-1899",Tours,1882,,IE63427817
9914432380101488,Voyage en Terre sainte,"UDC 910.4 <33> ""18"" Ontdekkingsreizen. Reizen. Expedities. Reisverhalen--<plaats>--Oud-Palestina. Judea--19e eeuw. Periode 1800-1899",Paris,1872,,IE63462266|IE63544850
9915085280101488,Jerusalem,"UDC 910.4 <33> ""18"" Ontdekkingsreizen. Reizen. Expedities. Reisverhalen--<plaats>--Oud-Palestina. Judea--19e eeuw. Periode 1800-1899",Paris,1895,,IE63344042
9915873870101488,"Reizen van Cornelis de Bruyn, door de vermaardste deelen van Klein Asia, de eylanden Scio, Rhodus, Cyprus, Metelino, Stanchio, &c., mitsgaders de voornaamste steden van Aegypten, Syrien en Palestina.",KUL #SJ/LH/(09);UDC 910.4 <5-011> Ontdekkingsreizen. Reizen. Expedities. Reisverhalen--<plaats>--Nabije-Oosten. Midden-Oosten,Delft,1698,dut,IE61005397|IE61008317
9916115460101488,"Mémoires et voyages ou Lettres écrites à diverses époques, pendant des courses en Suisse et en Calabre,","KUL #SJ/LH/(09);UDC 910.4 <44 CALABRIA> Ontdekkingsreizen. Reizen. Expedities. Reisverhalen--<plaats>--Frankrijk--CALABRIA;UDC 910.4 <494> Ontdekkingsreizen. Reizen. Expedities. Reisverhalen--<plaats>--Zwitserland;STCV Geschiedenis--Frankrijk--Oude drukken;STCV Geschiedenis--Duitsland, Midden-Europa--Oude drukken",Louvain,1830,,IE63506240
9916387130101488,"Lettres de H. M. Stanley racontant ses voyages, ses aventures et ses découvertes à travers l'Afrique équatoriale (novembre 1874 - septembre 1877)",UDC 910.4 <67> Ontdekkingsreizen. Reizen. Expedities. Reisverhalen--<plaats>--Equatoriaal en Centraal Afrikaanse Staten. Centraal-Afrika. Midden-Afrika,Paris,1878,,IE63350028
9916998140101488,Itinéraire instructif de Rome à Naples et à ses environs tiré de celui de feu M. Vasi et de la Sicile tiré de celui de M. de Karaczay revus et corrigés d'après l'état actuel des monumens,"UDC 910.4 <45> ""17"" Ontdekkingsreizen. Reizen. Expedities. Reisverhalen--<plaats>--Italië--18e eeuw. Periode 1700-1799",Rome,1826,,IE63552857
9917153230101488,Souvenirs d'un voyage en Terre Sainte,"UDC 910.4 <33> ""18"" Ontdekkingsreizen. Reizen. Expedities. Reisverhalen--<plaats>--Oud-Palestina. Judea--19e eeuw. Periode 1800-1899",Paris,1866,,IE63445220
9917518970101488,Augustin Freiherr von Meyerberg und seine Reise nach Russland.,"UDC 910.4 <47> Ontdekkingsreizen. Reizen. Expedities. Reisverhalen--<plaats>--Rusland. Sovjet-Unie;STCV Aardrijkskunde, cartografie, demografie--Oude drukken;STCV Geschiedenis--Oost-Europa--Oude drukken",St. Petersburg,1827,,IE63409250
9917521950101488,Journal de voyage d'un touriste dans le Midi de la France et en Italie.,UDC 910.4 <44> Ontdekkingsreizen. Reizen. Expedities. Reisverhalen--<plaats>--Frankrijk;UDC 910.4 <45> Ontdekkingsreizen. Reizen. Expedities. Reisverhalen--<plaats>--Italië,Paris,1853,,IE63499417
9917541260101488,Reise durch Russland und die Tartarei in den Jahren 1800-1801,"UDC 910.4 <47> Ontdekkingsreizen. Reizen. Expedities. Reisverhalen--<plaats>--Rusland. Sovjet-Unie;STCV Aardrijkskunde, cartografie, demografie--Oude drukken;STCV Geschiedenis--Oost-Europa--Oude drukken",Weimar,1817,eng,IE63554802
9917558400101488,Impressions d'un pélérin de Terre-sainte au printemps de 1855,"UDC 910.4 <33> ""18"" Ontdekkingsreizen. Reizen. Expedities. Reisverhalen--<plaats>--Oud-Palestina. Judea--19e eeuw. Periode 1800-1899",Tours,1885,,IE63420377
9917558570101488,Voyage à Rome,UDC 910.4 <45 ROMA> Ontdekkingsreizen. Reizen. Expedities. Reisverhalen--<plaats>--Italië--ROMA,Fives,1890,,IE63547294
9918853100101488,Round Africa ; being some account of the peoples and places of the Dark Continent,UDC 910.4 <6> Ontdekkingsreizen. Reizen. Expedities. Reisverhalen--<plaats>--Afrika;KUL #SJ/LH/(6),London,1880,,IE60697779
9918892950101488,De Paris en Egypte,UDC 910.4 <620> Ontdekkingsreizen. Reizen. Expedities. Reisverhalen--<plaats>--Egypte,Paris,1874,,IE63483150
9918898050101488,"Reizen in Opper- en Neder-Egypten, geduurende de veldtogten van den generaal Buonaparte.",KUL #SJ/LH/(6);UDC 910.4 <620> Ontdekkingsreizen. Reizen. Expedities. Reisverhalen--<plaats>--Egypte,In Den Haage,1803,fre,IE60969037|IE60971117
9919259150101488,Livingstone and the exploration of Central Africa,UDC 910.4 <67> Ontdekkingsreizen. Reizen. Expedities. Reisverhalen--<plaats>--Equatoriaal en Centraal Afrikaanse Staten. Centraal-Afrika. Midden-Afrika;UDC 967 Geschiedenis van Centraal en Equatoriaal Afrika;UDC 916.7 Aardrijkskunde van de Equatoriaal en Centraal Afrikaanse Staten;KUL #SJ/LH/(6),London,1891,,IE63515334
9919350920101488,Au coeur de l'Afrique (1868-1871),UDC 910.4 <67> Ontdekkingsreizen. Reizen. Expedities. Reisverhalen--<plaats>--Equatoriaal en Centraal Afrikaanse Staten. Centraal-Afrika. Midden-Afrika;KUL #SJ/LH/(6),Paris,1880,,IE63518590
9919472690101488,Herr Stanley und das Kongo-Unternehmen,UDC 967 Geschiedenis van Centraal en Equatoriaal Afrika;UDC 910.4 <675> Ontdekkingsreizen. Reizen. Expedities. Reisverhalen--<plaats>--Zaïre. Belgisch Kongo;KUL #SJ/LH/(6),Leipzig,1885,,IE63379337
9919929890101488,Voyage d'Horace Vernet en Orient,KUL #SJ/LH/(09);UDC 910.4 <5-011> Ontdekkingsreizen. Reizen. Expedities. Reisverhalen--<plaats>--Nabije-Oosten. Midden-Oosten;UDC 910.4 Ontdekkingsreizen. Reizen. Expedities. Reisverhalen,Bruxelles,1844,,IE63535066|IE63538116
9920358580101488,"Voyage dans la Russie méridionale, et particulièrement dans les provinces situées audelà du Caucase, fait depuis 1820 jusqu'en 1824","UDC 910.4 <47> Ontdekkingsreizen. Reizen. Expedities. Reisverhalen--<plaats>--Rusland. Sovjet-Unie;STCV Aardrijkskunde, cartografie, demografie--Oude drukken;STCV Geschiedenis--Oost-Europa--Oude drukken",A Paris;[Paris],1826,,IE63557657|IE63559778
9920359740101488,"Voyage de La Trappe a Rome,",UDC 910.4 <45 ROMA> Ontdekkingsreizen. Reizen. Expedities. Reisverhalen--<plaats>--Italië--ROMA,Bruxelles,1838,,IE63346707
9921218910101488,Souvenirs d'un voyage en Terre Sainte,"UDC 910.4 <33> ""18"" Ontdekkingsreizen. Reizen. Expedities. Reisverhalen--<plaats>--Oud-Palestina. Judea--19e eeuw. Periode 1800-1899",Paris,1867,,IE63485337
9921604800101488,"Stanley's reizen, ontdekkingen en lotgevallen in Midden-Afrika. Zes jaren aan den Congo en de vestiging van den Congo vrijstaat",UDC 910.4 <67> Ontdekkingsreizen. Reizen. Expedities. Reisverhalen--<plaats>--Equatoriaal en Centraal Afrikaanse Staten. Centraal-Afrika. Midden-Afrika;KUL #SJ/LH/(6),Brussel,1891,eng,IE63563117|IE63564623
9922208480101488,La vie et les voyages de D. Livingstone,"UDC 929 LIVINGSTONE, DAVID Biografie. Genealogie. Heraldiek--LIVINGSTONE, DAVID;UDC 910.4 <67> Ontdekkingsreizen. Reizen. Expedities. Reisverhalen--<plaats>--Equatoriaal en Centraal Afrikaanse Staten. Centraal-Afrika. Midden-Afrika;KUL #SJ/LH/(6)",Rouen,1881,,IE63508610
9923356220101488,Itinéraire de Paris à Jérusalem.,UDC 82-992 Reisbeschrijvingen;UDC 910.4 <33 JERUSALEM> Ontdekkingsreizen. Reizen. Expedities. Reisverhalen--<plaats>--Oud-Palestina. Judea--JERUSALEM,Tours,1871,,IE63407137
9923632780101488,How I found Livingstone,UDC 967 Geschiedenis van Centraal en Equatoriaal Afrika;UDC 910.4 <67> Ontdekkingsreizen. Reizen. Expedities. Reisverhalen--<plaats>--Equatoriaal en Centraal Afrikaanse Staten. Centraal-Afrika. Midden-Afrika;KUL #SJ/LH/(6),London,1895,,IE63509437|IE63512030
9924375020101488,Voyages en Abyssinie et en Nubie.,KUL #SJ/LH/(6);UDC 910.4 <63> Ontdekkingsreizen. Reizen. Expedities. Reisverhalen--<plaats>--Ethiopië,Tours,1840,,IE63346126
9926965730101488,Guide-indicateur des sanctuaires et lieux historiques de la Terre-sainte.,UDC 910.4 <33> Reisverhalen: Palestina; Heilig Land,Jérusalem,1887,,IE63414572|IE63538957
9932490320101488,A travers le continent mystérieux,UDC 910.4 <67> Ontdekkingsreizen. Reizen. Expedities. Reisverhalen--<plaats>--Equatoriaal en Centraal Afrikaanse Staten. Centraal-Afrika. Midden-Afrika;UDC 967.5 Geschiedenis van Zaïre (Kongo);UDC 967 Geschiedenis van Centraal en Equatoriaal Afrika,Paris,1879,,IE63351088|IE63353834
9990386750101488,"Voyage en divers etats d'Europe et d'Asie, entrepris pour decouvrir un nouveau chemin à la Chine",KUL #GBIB: jesuitica;UDC 910.4 <5> Ontdekkingsreizen. Reizen. Expedities. Reisverhalen--<plaats>--Azië;UDC 910.4 Ontdekkingsreizen. Reizen. Expedities. Reisverhalen,A Paris,1693,,IE63500578
9992297408901488,"Le bouquet sacré, ou le voyage de la Terre Sainte.",UDC 910.4 <33> Reisverhalen: Palestina; Heilig Land,A Rouen,1692,,IE63491177
9992327641801488,"Den godtvruchtighen pelgrim ofte Ierusalemsche reyse, in dry boecken bedeylt ...","UDC 910.4 <33> ""16"" Ontdekkingsreizen. Reizen. Expedities. Reisverhalen--<plaats>--Oud-Palestina. Judea--17e eeuw. Periode 1600-1699",Tot Brussel,1653,,IE63493957
